url_path,views_total,views_unique
/ANTsX/ANTs,424,276
/antsx/ants,333,237
/ANTsX/ANTs/releases,234,158
/ANTsX/ANTs/wiki/Anatomy-of-an-antsRegistration-call,88,67
/ANTsX/ANTs/wiki/N4BiasFieldCorrection,79,57
/ANTsX/ANTs/wiki,58,43
/ANTsX/ANTs/wiki/Compiling-ANTs-on-Linux-and-Mac-OS,54,42
/ANTsX/ANTs/blob/main/Scripts/antsMultivariateTemplateConstruction2.sh,43,33
/ANTsX/ANTs/wiki/ANTS-and-antsRegistration,40,30
"/ANTsX/ANTs/wiki/Forward-and-inverse-warps-for-warping-images,-pointsets-and-Jacobians",39,28
